{"15":{"餐饮": [0, 3], "衣着美容": [0, 3], "生活用品及服务": [0, 3], "交通通信": [0, 4], "教育文化": [0, 1], "医疗保健": [0, 2], "居住": [0, 1], "娱乐": [0, 2]},
"35":{"餐饮": [0, 3], "衣着美容": [0, 3], "生活用品及服务": [0, 3], "交通通信": [0, 4], "教育文化": [0, 1], "医疗保健": [0, 2], "居住": [0, 1], "娱乐": [0, 2]},
"55":{"餐饮": [0, 3], "衣着美容": [0, 3], "生活用品及服务": [0, 3], "交通通信": [0, 4], "教育文化": [0, 1], "医疗保健": [0, 2], "居住": [0, 1], "娱乐": [0, 2]},
"-":{"餐饮": [0, 3], "衣着美容": [0, 3], "生活用品及服务": [0, 3], "交通通信": [0, 4], "教育文化": [0, 1], "医疗保健": [0, 2], "居住": [0, 1], "娱乐": [0, 2]}}