{
  "衣着美容": {
    "15": [
      0,
      0,
      1,
      45,
      19,
      20,
      15,
      0,
      0,
      0,
      0,
      0
    ],
    "35": [
      1,
      1,
      1,
      30,
      10,
      20,
      20,
      3,
      5,
      5,
      3,
      1
    ],
    "55": [
      1,
      1,
      1,
      20,
      15,
      15,
      20,
      15,
      6.5,
      3,
      2.5,
      0
    ],
    "-": [
      1,
      1,
      1,
      20,
      18,
      30,
      15,
      5,
      3,
      3,
      3,
      0
    ]
  },
  "交通通信": {
    "15": [
      0,
      0,
      0,
      0,
      0
    ],
    "35": [
      45,
      40,
      7.5,
      5,
      2.5
    ],
    "55": [
      40,
      45,
      7.5,
      5,
      2.5
    ],
    "-": [
      45,
      45,
      5,
      3.5,
      1.5
    ]
  },
  "娱乐": {
    "15": [
      45,
      30,
      5,
      15,
      0,
      5
    ],
    "35": [
      32.5,
      30,
      15,
      12.5,
      2.5,
      7.5
    ],
    "55": [
      20,
      27,
      20,
      2.5,
      0.5,
      30
    ],
    "-": [
      0.5,
      15,
      9.5,
      0,
      0,
      75
    ]
  },
  "医疗保健": {
    "15": [
      0,
      0,
      0,
      0
    ],
    "35": [
      60,
      10,
      10,
      20
    ],
    "55": [
      45,
      30,
      15,
      10
    ],
    "-": [
      40,
      25,
      10,
      25
    ]
  },
  "居住": {
    "15": [
      7.5,
      80,
      10,
      2.5
    ],
    "35": [
      15,
      65,
      15,
      5
    ],
    "55": [
      5,
      70,
      15,
      10
    ],
    "-": [
      0,
      85,
      10,
      5
    ]
  },
  "餐饮": {
    "15": [
      0,
      5,
      0,
      55,
      40
    ],
    "35": [
      10,
      25,
      10,
      35,
      20
    ],
    "55": [
      25,
      35,
      10,
      5,
      25
    ],
    "-": [
      30,
      25,
      2.5,
      2.5,
      40
    ]
  },
  "生活用品及服务": {
    "15": [
      0,
      0,
      0,
      0,
      0
    ],
    "35": [
      15,
      25,
      15,
      25,
      20
    ],
    "55": [
      15,
      25,
      15,
      25,
      20
    ],
    "-": [
      15,
      25,
      15,
      25,
      20
    ]
  },
  "教育文化": {
    "15": [
      60,
      40,
      0,
      0,
      0
    ],
    "35": [
      5,
      15,
      50,
      20,
      10
    ],
    "55": [
      10,
      5,
      45,
      30,
      10
    ],
    "-": [
      20,
      38,
      30,
      10,
      2
    ]
  }
}