{"30000":{"餐饮": 60, "生活用品及服务": 10, "衣着美容": 10, "交通通信": 2, "教育文化": 10, "医疗保健": 5, "娱乐": 3, "居住": 0},
"50000":{"餐饮": 50, "生活用品及服务": 10, "衣着美容": 10, "交通通信": 3, "教育文化": 10, "医疗保健": 5, "娱乐": 7, "居住": 5},
"100000":{"餐饮": 40, "生活用品及服务": 13, "衣着美容": 12, "交通通信": 5, "教育文化": 10, "医疗保健": 8, "娱乐": 7, "居住": 5},
"200000":{"餐饮": 30, "生活用品及服务": 15, "衣着美容": 10, "交通通信": 5, "教育文化": 10, "医疗保健": 10, "娱乐": 10, "居住": 10},
"500000":{"餐饮": 20, "生活用品及服务": 15, "衣着美容": 15, "交通通信": 5, "教育文化": 10, "医疗保健": 10, "娱乐": 10, "居住": 15},
"-":{"餐饮": 10, "生活用品及服务": 15, "衣着美容": 20, "交通通信": 5, "教育文化": 20, "医疗保健": 10, "娱乐": 15, "居住": 5}}