{
  "餐饮": {
    "低": [[6, 10], [11, 14], [17, 22]],
    "中": [[11, 14], [17, 23]],
    "高": [[11, 14], [17, 24]]
  },
  "衣着美容": {
    "低": [[10, 22]],
    "中": [[10, 22]],
    "高": [[10, 22]]
  },
  "生活用品及服务": {
    "低": [[8, 21]],
    "中": [[8, 21]],
    "高": [[8, 21]]
  },
  "交通通信": {
    "低": [[6, 23]],
    "中": [[0, 24]],
    "高": [[0, 24]]
  },
  "居住": {
    "低": [[0, 24]],
    "中": [[0, 24]],
    "高": [[0, 24]]
  },
  "教育文化": {
    "低": [[9, 11.5], [13, 17]],
    "中": [[9, 11.5], [13, 17]],
    "高": [[9, 11.5], [13, 17]]
  },
  "医疗保健": {
    "低": [[7, 11.5], [13, 17]],
    "中": [[7, 11.5], [13, 17]],
    "高": [[7, 11.5], [13, 17]]
  },
  "娱乐": {
    "低": [[10, 22]],
    "中": [[10, 22]],
    "高": [[10, 24], [0, 6]]
  }
}