{"15":{"餐饮": 60, "生活用品及服务": 10, "衣着美容": 10, "交通通信": 2, "教育文化": 10, "医疗保健": 0, "娱乐": 8, "居住": 0},
"35":{"餐饮": 50, "生活用品及服务": 10, "衣着美容": 10, "交通通信": 3, "教育文化": 10, "医疗保健": 5, "娱乐": 7, "居住": 5},
"55":{"餐饮": 40, "生活用品及服务": 13, "衣着美容": 12, "交通通信": 5, "教育文化": 10, "医疗保健": 8, "娱乐": 7, "居住": 5},
"-":{"餐饮": 10, "生活用品及服务": 15, "衣着美容": 20, "交通通信": 5, "教育文化": 20, "医疗保健": 10, "娱乐": 15, "居住": 5}}