{
  "高档定制女装": "5000-50000",
  "高档定制男装": "5000-50000",
  "高级品牌服装": "1000-20000",
  "中档品牌服装": "200-2000",
  "品牌折扣": "400-1500",
  "散货": "30-500",
  "特殊类护理": "500-10000",
  "美体类护理": "300-2000",
  "仪器类护理": "300-5000",
  "修饰类美容": "30-200",
  "疗效性护理": "200-1000",
  "基本护理": "50-300",
  "网络游戏(低)": "10-30",
  "电影、电视剧、音乐(低)": "10-20",
  "直播短视频(低)": "10-20",
  "游戏厅、游乐园(低)": "10-50",
  "网吧(低)": "10-30",
  "KTV、电影院、棋牌、桌游(低)": "30-70",
  "网络游戏(中)": "30-300",
  "电影、电视剧、音乐(中)": "20-50",
  "直播短视频(中)": "20-500",
  "游戏厅、游乐园(中)": "50-300",
  "网吧(中)": "30-200",
  "KTV、电影院、棋牌、桌游(中)": "70-300",
  "网络游戏(高)": "300-30000",
  "电影、电视剧、音乐(高)": "50-300",
  "直播短视频(高)": "500-10000",
  "游戏厅、游乐园(高)": "300-1000",
  "网吧(高)": "200-1000",
  "KTV、电影院、棋牌、桌游(高)": "300-2000",
  "乡镇卫生院(低)": "0-150",
  "社区卫生服务中心(低)": "30-200",
  "二级医院(低)": "50-300",
  "三级医院(低)": "100-600",
  "乡镇卫生院(中)": "200-2800",
  "社区卫生服务中心(中)": "500-5200",
  "二级医院(中)": "800-20000",
  "三级医院(中)": "1500-100000",
  "二线、三线普通品牌": "50000-500000",
  "二线豪华品牌": "200000-2000000",
  "一线普通品牌": "100000-1000000",
  "高奢品牌": "2000000-20000000",
  "轻奢一线豪华品牌": "250000-5000000",
  "青旅": "30-60",
  "普通(低)": "80-150",
  "四星(低)": "150-250",
  "五星(低)": "300-500",
  "普通(中)": "200-500",
  "四星(中)": "300-1000",
  "五星(中)": "600-1500",
  "普通(高)": "800-1200",
  "四星(高)": "1000-3500",
  "五星(高)": "2000-10000",
  "小吃店、摊贩(低)": "1-10",
  "快餐盒饭(低)": "10-25",
  "自助(低)": "50-150",
  "餐厅(低)": "20-50",
  "旅游饭店(低)": "50-100",
  "小吃店、摊贩(中)": "10-30",
  "快餐盒饭(中)": "25-50",
  "自助(中)": "150-300",
  "餐厅(中)": "50-100",
  "旅游饭店(中)": "100-200",
  "小吃店、摊贩(高)": "30-150",
  "快餐盒饭(高)": "50-750",
  "自助(高)": "300-4000",
  "餐厅(高)": "100-2500",
  "旅游饭店(高)": "200-5000",
  "洗漱用品(低)": "10-100",
  "厨卫用品(低)": "50-200",
  "家具(低)": "100-300",
  "床上用品(低)": "50-150",
  "化妆用品(低)": "20-80",
  "洗漱用品(中)": "100-400",
  "厨卫用品(中)": "200-500",
  "家具(中)": "300-800",
  "床上用品(中)": "150-400",
  "化妆用品(中)": "80-400",
  "洗漱用品(高)": "400-2000",
  "厨卫用品(高)": "500-3000",
  "家具(高)": "800-5000",
  "床上用品(高)": "400-2500",
  "化妆用品(高)": "400-10000",
  "普通文具": "2-20",
  "教育书本": "20-200",
  "文体类兴趣班": "500-1000",
  "成人教育大班课": "200-500",
  "成人教育小班课": "1000-3000"
}