{
    "高级品牌服装": [5611,5621,5691],
    "中档品牌服装": [5611,5621,5691],
    "品牌折扣": [5651,5699],
    "散货": [5651,5699],
    "美体类护理": [5631,5699],
    "修饰类美容": [5631,5699],
    "疗效性护理": [5631,5699],
    "基本护理": [5631,5699],
    "高档定制女装": [5621,5691],
    "高档定制男装": [5611,5691],
    "特殊类护理": [5631,5699],
    "仪器类护理": [5631,5699],
    "网络游戏": [7999],
    "电影、电视剧、音乐": [4899,7829],
    "直播短视频": [7999],
    "游戏厅、游乐园": [7994,7996],
    "网吧": [7999],
    "KTV、电影院、棋牌、桌游": [7829,7832,7933,7911],
    "乡镇卫生院": [8099],
    "社区卫生服务中心": [8099],
    "二级医院": [8062],
    "三级医院": [8062],
    "二线、三线普通品牌": [5511],
    "一线普通品牌": [5511],
    "二线豪华品牌": [5511],
    "轻奢一线豪华品牌": [5511],
    "高奢品牌": [5511],
    "青旅": [7011],
    "普通": [7011],
    "四星": [7011],
    "五星": [7011],
    "旅游饭店": [5811],
    "餐厅": [5812],
    "自助": [5812],
    "快餐盒饭": [5814],
    "小吃店、摊贩": [5814],
    "洗漱用品": [5997],
    "厨卫用品": [5712],
    "家具": [5021,7394,7641,5712],
    "床上用品": [5719],
    "化妆用品": [5977],
    "普通文具": [5111,5943],
    "教育书本": [5192,5942],
    "文体类兴趣班": [8351],
    "成人教育大班课": [8241],
    "成人教育小班课": [8241]
}