{
  "高档定制女装": "10:00-17:00",
  "高档定制男装": "10:00-17:00",
  "高级品牌服装": "10:00-20:00",
  "中档品牌服装": "10:00-20:00",
  "品牌折扣": "10:00-21:00",
  "散货": "9:00-22:00",
  "特殊类护理": "9:00-17:00",
  "美体类护理": "9:00-17:00",
  "仪器类护理": "9:00-17:00",
  "修饰类美容": "9:00-23:00",
  "疗效性护理": "9:00-17:00",
  "基本护理": "9:00-22:00",
  "网络游戏": "00:00-24:00",
  "电影、电视剧、音乐": "00:00-24:00",
  "直播短视频": "00:00-24:00",
  "游戏厅、游乐园": "8:00-21:00",
  "网吧": "00:00-24:00",
  "KTV、电影院、棋牌、桌游": "00:00-24:00",
  "乡镇卫生院": "8:00-17:00",
  "社区卫生服务中心": "8:00-17:00",
  "二级医院": "8:00-17:00",
  "三级医院": "8:00-17:00",
  "二线、三线普通品牌": "9:00-18:00",
  "二线豪华品牌": "9:00-18:00",
  "一线普通品牌": "9:00-18:00",
  "高奢品牌": "9:00-18:00",
  "轻奢一线豪华品牌": "9:00-18:00",
  "青旅": "00:00-24:00",
  "普通": "00:00-24:00",
  "四星": "00:00-24:00",
  "五星": "00:00-24:00",
  "小吃店、摊贩": "6:00-22:00",
  "快餐盒饭": "8:00-22:00",
  "自助": "10:00-21:00",
  "餐厅": "10:00-21:00",
  "旅游饭店": "10:00-21:00",
  "洗漱用品": "8:00-22:00",
  "厨卫用品": "9:00-21:00",
  "家具": "9:00-21:00",
  "床上用品": "9:00-18:00",
  "化妆用品": "9:00-23:00",
  "普通文具": "9:00-21:00",
  "教育书本": "10:00-18:00",
  "文体类兴趣班": "10:00-22:00",
  "成人教育大班课": "10:00-22:00",
  "成人教育小班课": "10:00-22:00"
}
