{
  "衣着美容": {
    "高级品牌服装": 6,
    "中档品牌服装": 15,
    "品牌折扣": 8,
    "散货": 15,
    "美体类护理": 8,
    "修饰类美容": 13,
    "疗效性护理": 15,
    "基本护理": 15,
    "高档定制女装": 3,
    "高档定制男装": 3,
    "特殊类护理": 3,
    "仪器类护理": 6
  },
  "娱乐": {
    "网络游戏": 20,
    "电影、电视剧、音乐": 15,
    "直播短视频": 15,
    "游戏厅、游乐园": 15,
    "网吧": 15,
    "KTV、电影院、棋牌、桌游": 20
  },
  "医疗保健": {
    "乡镇卫生院": 30,
    "社区卫生服务中心": 30,
    "二级医院": 25,
    "三级医院": 15
  },
  "交通通信": {
    "二线、三线普通品牌": 20,
    "一线普通品牌": 30,
    "二线豪华品牌": 25,
    "轻奢一线豪华品牌": 20,
    "高奢品牌": 5
  },
  "居住": {
    "青旅": 15,
    "普通": 45,
    "四星": 30,
    "五星": 10
  },
  "餐饮": {
    "旅游饭店": 15,
    "餐厅": 25,
    "自助": 15,
    "快餐盒饭": 25,
    "小吃店、摊贩": 20
  },
  "生活用品及服务": {
    "洗漱用品": 20,
    "厨卫用品": 20,
    "家具": 20,
    "床上用品": 20,
    "化妆用品": 20
  },
  "教育文化": {
    "普通文具": 35,
    "教育书本": 30,
    "文体类兴趣班": 20,
    "成人教育大班课": 10,
    "成人教育小班课": 5
  }
}