{
  "衣着美容": {
    "低": [
      "散货",
      "基本护理"
    ],
    "中": [
      "品牌折扣",
      "中档品牌服装",
      "疗效性护理",
      "修饰类美容",
      "美体类护理"
    ],
    "高": [
      "高级品牌服装",
      "高档定制男装",
      "高档定制女装",
      "仪器类护理",
      "特殊类护理"
    ]
  },
  "娱乐": {
    "低": [
      "网络游戏(低)",
      "电影、电视剧、音乐(低)",
      "直播短视频(低)",
      "游戏厅、游乐园(低)",
      "网吧(低)",
      "KTV、电影院、棋牌、桌游(低)"
    ],
    "中": [
      "网络游戏(中)",
      "电影、电视剧、音乐(中)",
      "直播短视频(中)",
      "游戏厅、游乐园(中)",
      "网吧(中)",
      "KTV、电影院、棋牌、桌游(中)"
    ],
    "高": [
      "网络游戏(高)",
      "电影、电视剧、音乐(高)",
      "直播短视频(高)",
      "游戏厅、游乐园(高)",
      "网吧(高)",
      "KTV、电影院、棋牌、桌游(高)"
    ]
  },
  "医疗保健": {
    "低": [
      "乡镇卫生院(低)",
      "社区卫生服务中心(低)",
      "二级医院(低)",
      "三级医院(低)"
    ],
    "中": [
      "乡镇卫生院(中)",
      "社区卫生服务中心(中)",
      "二级医院(中)",
      "三级医院(中)"
    ],
    "高": []
  },
  "交通通信": {
    "低": [
      "二线、三线普通品牌"
    ],
    "中": [
      "二线豪华品牌",
      "一线普通品牌"
    ],
    "高": [
      "高奢品牌",
      "轻奢一线豪华品牌"
    ]
  },
  "居住": {
    "低": [
      "青旅",
      "普通(低)",
      "四星(低)",
      "五星(低)"
    ],
    "中": [
      "普通(中)",
      "四星(中)",
      "五星(中)"
    ],
    "高": [
      "普通(高)",
      "四星(高)",
      "五星(高)"
    ]
  },
  "餐饮": {
    "低": [
      "小吃店、摊贩(低)",
      "快餐盒饭(低)",
      "自助(低)",
      "餐厅(低)",
      "旅游饭店(低)"
    ],
    "中": [
      "小吃店、摊贩(中)",
      "快餐盒饭(中)",
      "自助(中)",
      "餐厅(中)",
      "旅游饭店(中)"
    ],
    "高": [
      "小吃店、摊贩(高)",
      "快餐盒饭(高)",
      "自助(高)",
      "餐厅(高)",
      "旅游饭店(高)"
    ]
  },
  "生活用品及服务": {
    "低": [
      "洗漱用品(低)",
      "厨卫用品(低)",
      "家具(低)",
      "床上用品(低)",
      "化妆用品(低)"
    ],
    "中": [
      "洗漱用品(中)",
      "厨卫用品(中)",
      "家具(中)",
      "床上用品(中)",
      "化妆用品(中)"
    ],
    "高": [
      "洗漱用品(高)",
      "厨卫用品(高)",
      "家具(高)",
      "床上用品(高)",
      "化妆用品(高)"
    ]
  },
  "教育文化": {
    "低": [
      "普通文具",
      "教育书本"
    ],
    "中": [
      "文体类兴趣班",
      "成人教育大班课"
    ],
    "高": [
      "成人教育小班课"
    ]
  }
}